datetime,open,high,low,close,volume
2026-07-10T00:00:00+00:00,0.80568,0.8076099999999999,0.80304,0.80702,76033
2026-07-10T12:00:00+00:00,0.80702,0.80896,0.80593,0.8076,50741
2026-07-12T12:00:00+00:00,0.8064,0.81035,0.8064,0.81021,15707
2026-07-13T00:00:00+00:00,0.81021,0.81085,0.80745,0.8096,95902
2026-07-13T12:00:00+00:00,0.8096,0.81513,0.80932,0.81456,86800
2026-07-14T00:00:00+00:00,0.81456,0.81482,0.80629,0.80807,109758
2026-07-14T12:00:00+00:00,0.80807,0.80994,0.80602,0.8084399999999999,98261
2026-07-15T00:00:00+00:00,0.8084399999999999,0.81145,0.8079999999999999,0.8089999999999999,77423
2026-07-15T12:00:00+00:00,0.8089999999999999,0.8092699999999999,0.80337,0.80479,84883
2026-07-16T00:00:00+00:00,0.80479,0.80821,0.80474,0.80815,76610
2026-07-16T12:00:00+00:00,0.80815,0.80969,0.80732,0.8082,63866
2026-07-17T00:00:00+00:00,0.8082,0.80929,0.8064399999999999,0.80741,77827
2026-07-17T12:00:00+00:00,0.80741,0.8080499999999999,0.80602,0.80669,53469
2026-07-19T12:00:00+00:00,0.80798,0.80885,0.80721,0.8080499999999999,11330
2026-07-20T00:00:00+00:00,0.8080499999999999,0.80938,0.80612,0.80881,68042
2026-07-20T12:00:00+00:00,0.80881,0.81077,0.8087,0.81041,53823
2026-07-21T00:00:00+00:00,0.81041,0.81126,0.80906,0.81077,67611
2026-07-21T12:00:00+00:00,0.81077,0.81324,0.81071,0.81267,58124
2026-07-22T00:00:00+00:00,0.81267,0.81334,0.81132,0.8126099999999999,65052
2026-07-22T12:00:00+00:00,0.8126099999999999,0.81481,0.81133,0.81389,52829
2026-07-23T00:00:00+00:00,0.81389,0.8172,0.81299,0.8166599999999999,78299
2026-07-23T12:00:00+00:00,0.8166599999999999,0.818,0.8159,0.81625,79434
2026-07-24T00:00:00+00:00,0.81625,0.81819,0.81526,0.81801,69384
2026-07-24T12:00:00+00:00,0.81801,0.81856,0.81628,0.81776,48131
2026-07-26T12:00:00+00:00,0.81535,0.81694,0.81405,0.81504,13088
2026-07-27T00:00:00+00:00,0.81504,0.81648,0.81387,0.81634,68973
2026-07-27T12:00:00+00:00,0.81634,0.8197,0.81634,0.81875,65329
2026-07-28T00:00:00+00:00,0.81875,0.82051,0.81836,0.8196,52492
2026-07-28T12:00:00+00:00,0.8196,0.81982,0.81676,0.81901,60560
2026-07-29T00:00:00+00:00,0.81901,0.82049,0.81693,0.81971,65487
2026-07-29T12:00:00+00:00,0.81971,0.82069,0.81229,0.81464,127596
2026-07-30T00:00:00+00:00,0.81464,0.81746,0.81143,0.81292,93605
2026-07-30T12:00:00+00:00,0.81292,0.81294,0.80389,0.80616,127678
2026-07-31T00:00:00+00:00,0.80616,0.80816,0.80548,0.80763,74877
2026-07-31T12:00:00+00:00,0.8106,0.81286,0.80643,0.80679,108257
2026-08-02T12:00:00+00:00,0.80552,0.80742,0.80552,0.80685,32950
2026-08-03T00:00:00+00:00,0.80685,0.80947,0.80657,0.80902,88507
2026-08-03T12:00:00+00:00,0.80902,0.81152,0.80863,0.81017,81885
2026-08-04T00:00:00+00:00,0.81017,0.81062,0.80809,0.80884,89378
2026-08-04T12:00:00+00:00,0.80884,0.81034,0.80799,0.8089,72338
2026-08-05T00:00:00+00:00,0.8089,0.81014,0.8074,0.8094,86533
2026-08-05T12:00:00+00:00,0.8094,0.8094,0.80605,0.80652,75503
2026-08-06T00:00:00+00:00,0.80652,0.81013,0.80601,0.80982,60991
2026-08-06T12:00:00+00:00,0.80982,0.81356,0.80884,0.81279,64065
2026-08-07T00:00:00+00:00,0.81279,0.81285,0.80565,0.80707,78975
2026-08-07T12:00:00+00:00,0.80707,0.80862,0.8066099999999999,0.80763,54712
2026-08-09T12:00:00+00:00,0.80754,0.80862,0.80602,0.80832,12381
2026-08-10T00:00:00+00:00,0.80832,0.80949,0.80687,0.80942,67248
2026-08-10T12:00:00+00:00,0.80942,0.8104399999999999,0.8085,0.80974,55308
2026-08-11T00:00:00+00:00,0.80974,0.81153,0.8094,0.8107,58058
2026-08-11T12:00:00+00:00,0.8107,0.81207,0.8100499999999999,0.81148,48307
2026-08-12T00:00:00+00:00,0.81148,0.81286,0.80912,0.80971,67168
2026-08-12T12:00:00+00:00,0.80971,0.81395,0.80954,0.81282,70942
2026-08-13T00:00:00+00:00,0.81282,0.81458,0.8114899999999999,0.81157,58144
2026-08-13T12:00:00+00:00,0.81157,0.8147,0.8112199999999999,0.81373,67401
2026-08-14T00:00:00+00:00,0.81373,0.81442,0.81029,0.81172,66440
2026-08-14T12:00:00+00:00,0.81172,0.81353,0.81056,0.81257,52752
2026-08-16T12:00:00+00:00,0.81257,0.81354,0.81164,0.81179,10605
2026-08-17T00:00:00+00:00,0.81179,0.81229,0.80718,0.80937,82040
2026-08-17T12:00:00+00:00,0.80937,0.81172,0.80842,0.81076,56704
2026-08-18T00:00:00+00:00,0.81076,0.81277,0.81037,0.81229,64115
2026-08-18T12:00:00+00:00,0.81229,0.8130999999999999,0.81112,0.81223,65194
2026-08-19T00:00:00+00:00,0.81223,0.81281,0.80642,0.80692,80824
2026-08-19T12:00:00+00:00,0.80692,0.80693,0.79641,0.79894,135840
2026-08-20T00:00:00+00:00,0.79894,0.80041,0.79495,0.79762,115608
2026-08-20T12:00:00+00:00,0.79762,0.80097,0.79719,0.80023,91571
2026-08-21T00:00:00+00:00,0.80023,0.80076,0.79828,0.79989,92497
2026-08-21T12:00:00+00:00,0.79989,0.80206,0.7997,0.80105,57473
2026-08-23T12:00:00+00:00,0.8007299999999999,0.80162,0.79972,0.79978,12039
2026-08-24T00:00:00+00:00,0.79978,0.80284,0.79962,0.80258,83451
2026-08-24T12:00:00+00:00,0.80258,0.80299,0.80113,0.80216,69216
2026-08-25T00:00:00+00:00,0.80216,0.80421,0.80199,0.8028,58278
2026-08-25T12:00:00+00:00,0.80259,0.80313,0.80031,0.80121,41306
2026-08-26T00:00:00+00:00,0.80176,0.8049999999999999,0.80154,0.80497,64098
2026-08-26T12:00:00+00:00,0.80497,0.80626,0.80408,0.80519,52674
2026-08-27T00:00:00+00:00,0.80519,0.80613,0.80468,0.80485,48633
2026-08-27T12:00:00+00:00,0.80485,0.80487,0.80242,0.80404,44401
2026-08-28T00:00:00+00:00,0.80404,0.80534,0.8032,0.80382,55545
2026-08-28T12:00:00+00:00,0.80382,0.80987,0.80247,0.80914,91341
2026-08-30T12:00:00+00:00,0.80803,0.80984,0.80803,0.8086,10001
2026-08-31T00:00:00+00:00,0.8086,0.80965,0.80747,0.80849,71121
2026-08-31T12:00:00+00:00,0.80849,0.80877,0.80663,0.80859,62459
2026-09-01T00:00:00+00:00,0.80859,0.81088,0.80856,0.80992,78282
2026-09-01T12:00:00+00:00,0.80992,0.81251,0.80956,0.81251,66365
2026-09-02T00:00:00+00:00,0.81251,0.8132,0.81231,0.813,5878
